Price,Close,Close,Close,High,High,High,Low,Low,Low,Open,Open,Open,Volume,Volume,Volume
Ticker,AAPL,GOOGL,NFLX,AAPL,GOOGL,NFLX,AAPL,GOOGL,NFLX,AAPL,GOOGL,NFLX,AAPL,GOOGL,NFLX
Date,,,,,,,,,,,,,,,
2020-01-02,72.7960205078125,68.18681335449219,329.80999755859375,72.85661316556887,68.18681335449219,329.9800109863281,71.54538716413333,67.08132380627873,324.7799987792969,71.79987336808419,67.176977721624,326.1000061035156,135480400,27278000,4485800
2020-01-03,72.08829498291016,67.83010864257812,325.8999938964844,72.85176099103282,68.43940351728152,329.8599853515625,71.86289207131898,67.12267404619415,325.5299987792969,72.0204315021118,67.15655543577822,326.7799987792969,146322800,23408000,3806900
2020-01-06,72.6626968383789,69.63805389404297,335.8299865722656,72.70147701872006,69.66345923216974,336.3599853515625,70.95398721004992,67.30600805367692,321.20001220703125,71.2060546839858,67.33738843542059,323.1199951171875,118387200,46768000,5663100
2020-01-07,72.32098388671875,69.50354766845703,330.75,72.92932920607493,69.92153470711604,336.70001220703125,72.10042570127877,69.32669091744489,330.29998779296875,72.67241690140098,69.77008329725511,336.4700012207031,108872000,34330000,4703200
2020-01-08,73.48436737060547,69.99825286865234,339.260009765625,73.78733072188223,70.3375228813182,342.70001220703125,72.02287245990904,69.37999541559134,331.04998779296875,72.02287245990904,69.48909698901235,331.489990234375,132079200,35314000,7104500
2020-01-09,75.04521942138672,70.73309326171875,335.6600036621094,75.2391129669444,71.17598393013975,343.4200134277344,74.21388993487531,70.2558194812113,334.6099853515625,74.46595006478736,70.83970143414861,342.0,170108400,33200000,4709300
2020-01-10,75.21488189697266,71.18992614746094,329.04998779296875,75.78203573703135,71.48784974028622,338.5,74.71075419050038,70.72362186567442,327.2699890136719,75.28032670743771,71.21533908846308,337.1300048828125,140644800,26258000,4718300
2020-01-13,76.82180786132812,71.7414321899414,338.9200134277344,76.8484724820647,71.81366484523728,340.8500061035156,75.41363481692566,71.01107809709713,331.510009765625,75.53240147855318,71.50328944184061,331.79998779296875,121532000,30730000,6290000
2020-01-14,75.78445434570312,71.2711410522461,338.69000244140625,76.96965039455488,71.8709640363411,345.3800048828125,75.66085034178165,71.13064389247113,335.5199890136719,76.758789108947,71.73993876603046,344.3999938964844,161954400,26076000,7199400
2020-01-15,75.45964813232422,71.7000732421875,339.07000732421875,76.46791053440658,71.77879025901605,343.1700134277344,75.02580276538632,71.32443609399188,336.6000061035156,75.58325948297235,71.39219126260538,338.67999267578125,121923600,21550000,5158000
2020-01-16,76.40492248535156,72.24610137939453,338.6199951171875,76.51641831155123,72.27300427999972,343.55999755859375,75.64145640571084,71.73993307286825,335.8500061035156,76.00501238616502,72.01144787956945,343.5,108829200,26080000,5016000
2020-01-17,77.25080871582031,73.70880126953125,339.6700134277344,77.2532273929308,73.76011367358568,341.57000732421875,76.34676342582375,72.56445103890334,337.3800048828125,76.65457152353868,72.86286877720866,341.0,137816400,52424000,6066500
2020-01-21,76.72727966308594,73.84481048583984,338.1099853515625,77.32108332706851,74.22493276033909,341.0,76.58912661521823,73.24497990845329,332.5899963378906,76.87754828501977,73.682891350434,340.0,110843200,48930000,14350300
2020-01-22,77.00116729736328,73.9255142211914,326.0,77.55619082400978,74.75799906007849,336.29998779296875,76.9066391826675,73.86523925075431,323.6000061035156,77.21444728071641,74.21746279473615,332.54998779296875,101832400,28458000,21730000
2020-01-23,77.37199401855469,73.96636962890625,349.6000061035156,77.45197308761732,74.4052845476194,349.8800048828125,76.50430285128039,73.74866059227482,325.010009765625,77.05448902284745,74.10885847916708,326.0400085449219,104472000,26650000,18200300
2020-01-24,77.14899444580078,73.04370880126953,353.1600036621094,78.36569234251847,74.44014342272132,359.8500061035156,76.95751957755354,72.8947432066111,345.8800048828125,77.61919405852058,74.37139241036722,348.4599914550781,146537600,29786000,17939700
2020-01-27,74.88040161132812,71.32793426513672,342.8800048828125,75.56388109821151,71.56955866813779,351.8999938964844,73.89395147066809,70.71863939255725,341.0199890136719,75.14942943338237,71.31846997752507,345.95001220703125,161940000,34132000,7709500
2020-01-28,76.99871826171875,72.26304626464844,348.5199890136719,77.1707993206053,72.47726605072009,352.3999938964844,75.66567993131815,71.25967970809778,342.7799987792969,75.76505276717205,71.82662476293184,345.8800048828125,162234000,29724000,6821600
2020-01-29,78.6104736328125,72.57191467285156,343.1600036621094,79.46119674204053,72.94257262840148,349.3999938964844,77.89305878154525,72.00845893497106,338.54998779296875,78.63713824302992,72.65959425732443,349.0,216229200,21566000,7643500
2020-01-30,78.49658966064453,72.44986724853516,347.739990234375,78.5499115052326,72.49968208968686,348.20001220703125,77.25565298284903,71.49084223477435,339.25,77.6894985639716,71.64528116546836,341.1000061035156,126743200,27110000,5328100
2020-01-31,75.01612091064453,71.38024139404297,345.0899963378906,78.20813732112357,73.21807678829367,347.3900146484375,74.72042850588934,71.09527131841374,340.9800109863281,77.78398880426934,73.12790379399927,347.3900146484375,199588400,43822000,5230000
2020-02-03,74.81010437011719,73.86223602294922,358.0,75.98075102109374,74.04657296301339,359.6300048828125,73.24923723777304,72.56743036798406,346.2799987792969,73.75336479143553,72.81851903680833,347.239990234375,173788400,71636000,6670600
2020-02-04,77.27986145019531,72.00946044921875,369.010009765625,77.47133628076568,73.10199650551328,369.57000732421875,76.01468671792693,70.84468413309284,356.1000061035156,76.42186751998584,72.46182298123878,361.0,136616400,95880000,7161500
2020-02-05,77.91004180908203,72.04134368896484,369.6700134277344,78.71228800097798,72.96449562114519,375.25,77.30411523535007,71.22580336725193,362.29998779296875,78.41174339074298,72.91617074068874,375.1300048828125,118826800,36376000,6437000
2020-02-06,78.82135009765625,73.53193664550781,366.95001220703125,78.82377617084421,73.81042993755283,371.54998779296875,77.62161992339047,72.26204220223194,362.510009765625,78.18149548402742,72.33676825821126,369.6000061035156,105425600,37822000,3920400
2020-02-07,77.74994659423828,73.6883773803711,366.7699890136719,78.56867278048205,73.9942677344084,371.79998779296875,77.25676690083851,73.00585396908144,363.57000732421875,78.31843889494655,73.10449541727816,365.0400085449219,117684000,28360000,4385200
2020-02-10,78.1192398071289,75.16053771972656,371.07000732421875,78.1192398071289,75.17149956935405,374.79998779296875,76.2485610979256,73.4935839944387,362.5199890136719,76.328729971042,73.59471884010038,365.0,109348800,38302000,5294100
2020-02-11,77.64791107177734,75.23028564453125,373.69000244140625,78.69015073030005,76.21771113263144,378.1099853515625,77.42926131350245,75.00061892772216,369.7200012207031,78.61726994891447,75.39020550159178,373.75,94323200,34852000,4772900
2020-02-12,79.49189758300781,75.65724182128906,380.010009765625,79.49675383168847,75.74043633057408,380.6199951171875,78.09981497456799,75.16103948219266,375.8800048828125,78.09981497456799,75.51923806383654,377.17999267578125,113730400,31042000,4624800
2020-02-13,78.92582702636719,75.39618682861328,381.3999938964844,79.2538054479268,76.02191687395778,385.3699951171875,78.55655195702208,74.92837735428414,376.510009765625,78.76062560698541,75.22729680616945,376.9599914550781,94747600,22914000,4485400
2020-02-14,78.94525146484375,75.66221618652344,380.3999938964844,79.19548537647773,75.72797967828164,385.1499938964844,78.43506373229454,75.00559231326048,379.42999267578125,78.89422750170591,75.45297562350825,381.4700012207031,80113600,23198000,3736300
2020-02-18,77.49974060058594,75.69759368896484,387.7799987792969,77.68195002206068,76.25158520613671,389.5400085449219,76.43320456144275,75.27761496690005,379.19000244140625,76.61541398291747,75.4435174707526,379.29998779296875,152531200,25642000,5173900
2020-02-19,78.62213134765625,75.96810913085938,386.19000244140625,78.85293286069638,76.2605518097851,392.95001220703125,77.74266859542944,75.77431549389932,384.8999938964844,77.74266859542944,76.08418918563441,388.1199951171875,93984000,22746000,4896400
2020-02-20,77.81554412841797,75.57553100585938,386.0,78.87235994111728,76.07770834757048,389.70001220703125,77.3077882481259,74.94132496189518,376.67999267578125,78.38161204782077,75.67616412195946,386.55999755859375,100566000,25962000,4079400
2020-02-21,76.05419921875,73.90508270263672,380.07000732421875,77.85200453086176,75.27462206552566,387.32000732421875,75.43469023560293,73.6574832677561,377.8999938964844,77.40740945099631,74.95726817378268,385.3299865722656,129554000,42520000,3930100
2020-02-24,72.44161224365234,70.736572265625,368.70001220703125,73.89928775555202,71.55959279941615,372.82000732421875,70.26725072020794,70.08543687850549,361.0,72.21810615040218,70.89549627943762,364.760009765625,222195200,49560000,6936400
2020-02-25,69.98784637451172,69.06563568115234,360.0899963378906,73.49841733255995,71.58300697779833,375.6499938964844,69.51410635342101,68.77170303202607,357.7200012207031,73.11456610148605,71.29156773137504,372.0,230673600,51580000,6481200
2020-02-26,71.09809112548828,69.27238464355469,379.239990234375,72.36870040431434,70.42819845561333,382.0,69.6039758492443,68.57889939705458,365.0,69.61126392711407,69.49707216060908,366.30999755859375,198054800,49776000,8934100
2020-02-27,66.4505386352539,65.51001739501953,371.7099914550781,69.48250516613125,68.2226873655206,391.55999755859375,66.3144895679182,65.4746460468317,370.6000061035156,68.29207211988479,67.7115398365822,371.4599914550781,320605600,62290000,10967700
2020-02-28,66.41165924072266,66.72062683105469,369.0299987792969,67.63853995908428,66.88004494343048,376.7699890136719,62.28401253889323,63.18145503464202,356.79998779296875,62.500237856125615,63.48535365075221,364.2099914550781,426510000,80198000,11168600
2020-03-02,72.59465789794922,69.06563568115234,381.04998779296875,73.2336067493854,69.1229231286208,381.3599853515625,67.47093017221289,66.02067405586332,364.5,68.57876279323048,67.32544584408515,373.1099853515625,341397200,55430000,6997900
2020-03-03,70.28909301757812,66.64441680908203,368.7699890136719,73.85553621045779,70.15518886051058,393.5199890136719,69.43391890589473,66.2219446617251,367.3999938964844,73.77536734454684,69.63158946211831,381.0299987792969,319475600,56602000,8364600
2020-03-04,73.54942321777344,68.83048248291016,383.7900085449219,73.70976836620322,68.88926748762059,384.010009765625,71.21471719102264,66.6085339749811,370.510009765625,72.01886735003644,67.70256753542472,377.7699890136719,219178400,47598000,5487300
2020-03-05,71.16370391845703,65.50055694580078,372.7799987792969,72.77442872757254,67.4370414491301,391.3999938964844,70.79685330071517,64.84692814514692,368.6400146484375,71.7953572173482,67.03449374191095,381.0,187572800,54380000,8747000
2020-03-06,70.21863555908203,64.55299377441406,368.9700012207031,70.65351068690394,64.90222218354712,371.30999755859375,68.32366098027373,62.63345001724397,356.8500061035156,68.51072660724627,63.26815022542305,367.70001220703125,226176800,64640000,8147200
2020-03-09,64.66490173339844,60.5699348449707,346.489990234375,67.5608121841011,62.41026376463806,357.4700012207031,63.89476010790818,59.685639656926234,341.7200012207031,64.07696949985089,60.03039060424266,343.8599853515625,286744800,69252000,7405500
2020-03-10,69.3221664428711,63.52820587158203,364.1300048828125,69.58940835488747,63.56208346017073,364.5400085449219,65.44232100611896,60.5061600095972,347.8500061035156,67.33001496463376,62.49296104143068,356.42999267578125,285290000,54872000,7604400
2020-03-11,66.91458892822266,60.32630920410156,349.9200134277344,68.32124779609116,62.61949838943698,362.9800109863281,66.04727026677229,59.34187890099212,344.7900085449219,67.3907682408546,62.18806372644597,358.9200134277344,255598800,54732000,6036000
2020-03-12,60.30644226074219,55.37675476074219,315.25,65.59537401061138,59.22281313910036,335.7200012207031,60.250565757894904,55.22331167410478,307.32000732421875,62.17955623859568,55.92825665674984,326.5,418474000,94326000,12071600
2020-03-13,67.53165435791016,60.494205474853516,336.29998779296875,68.00540170395698,60.500682240290445,336.4200134277344,61.453148500655,55.413620095234876,307.3900146484375,64.35392608390474,58.537298689662194,330.510009765625,370732000,79400000,9458200
2020-03-16,58.84391784667969,53.45621871948242,298.8399963378906,62.942409574296256,57.06662772504203,334.3500061035156,58.30700586985522,53.161286436824646,294.75,58.78074955113587,54.28371671880484,306.6300048828125,322423600,96520000,10559900
2020-03-17,61.43128967285156,55.70107650756836,319.75,62.58527878886286,56.09664189269421,322.8999938964844,57.91829094246008,52.26553273663821,290.25,60.13152785246368,54.335030213703156,306.19000244140625,324056000,83194000,10013900
2020-03-18,59.92744827270508,54.362430572509766,315.4700012207031,60.736458342676634,55.049936896919235,331.5799865722656,57.60731482260299,51.66271423119009,300.0,58.25112350527089,52.80557438423959,302.3999938964844,300233600,93044000,12593600
2020-03-19,59.468292236328125,55.38273239135742,332.0299987792969,61.42643543687088,57.42233951228538,348.510009765625,58.941100121340455,52.58686790234642,316.82000732421875,60.10238113169301,54.2144668514263,324.3299865722656,271857200,74064000,10616000
2020-03-20,55.69290542602539,53.21757888793945,332.8299865722656,61.18105103531312,56.71838820983278,350.489990234375,55.391651251345145,52.91318233474506,332.0,60.05135066055668,56.34075556015403,342.30999755859375,401693200,82878000,10853800
2020-03-23,54.50975799560547,52.5161247253418,360.2699890136719,55.51312552059559,53.152816591676384,366.1099853515625,51.65271619613283,50.2612982120029,340.8800048828125,55.4110887106565,52.62771969397402,347.8900146484375,336752800,83672000,13449400
2020-03-24,59.97847366333008,56.29642105102539,357.32000732421875,60.175259212076874,56.46182182723558,372.92999267578125,56.92221437304566,54.125290704013324,353.0299987792969,57.42268223950284,54.99962362416185,369.989990234375,287531200,72468000,11638700
2020-03-25,59.64806365966797,54.88204574584961,342.3900146484375,62.74076316410799,57.1014970074779,362.0,59.3516694383783,53.95490673143392,339.1700134277344,60.91866936456952,56.025897922286106,361.0199890136719,303602000,90324000,8767200
2020-03-26,62.78694152832031,57.935977935791016,362.989990234375,62.84524617415968,58.3624334086797,363.8399963378906,59.85215449278624,54.4042821365031,341.7300109863281,59.89102672805275,55.53468295067127,344.0,252087200,76562000,7229600
2020-03-27,60.187400817871094,55.31248474121094,357.1199951171875,62.162547880502984,57.344619150620744,368.55999755859375,60.01976760326953,55.00061558660406,353.0,61.40455808271416,56.169876906455066,359.0899963378906,204216800,62794000,7948800
2020-03-30,61.905033111572266,57.10847473144531,370.9599914550781,62.07752630082117,57.34212859909248,377.79998779296875,60.59069513800199,54.72611218061649,361.1700134277344,60.91624540312953,56.42744514551845,363.0,167976400,58736000,8622000
2020-03-31,61.7786979675293,57.88765335083008,375.5,63.77085317683828,58.458083824910496,383.010009765625,61.2223536075195,56.630708544990256,366.44000244140625,62.09696014187927,57.2290415631662,367.92999267578125,197002000,65228000,9366500
2020-04-01,58.528079986572266,54.90596008300781,364.0799865722656,60.42548629953478,56.267027211100036,380.2300109863281,58.09563671171014,54.47701502016982,361.0199890136719,59.886146267819704,55.99700615531,376.04998779296875,176218400,51970000,6672500
2020-04-02,59.50472640991211,55.6497688293457,370.0799865722656,59.558174794508744,55.93573095399749,370.989990234375,57.55387149331358,54.45908540949232,360.05999755859375,58.38960582657782,54.80134294224164,364.0799865722656,165934000,56410000,4592500
2020-04-03,58.64956283569336,54.43765640258789,361.760009765625,59.691798977456195,55.73744511904495,370.8999938964844,58.05677432512775,53.55984186349984,357.510009765625,58.98725744365528,55.53418339732919,367.4700012207031,129880000,51374000,4860800
2020-04-06,63.7659912109375,58.94581604003906,379.9599914550781,63.92147268414862,59.32244906224932,380.2900085449219,60.58583124007948,56.04682503081574,361.7099914550781,60.95510622630932,56.44538175140231,365.2200012207031,201820400,63320000,8183900
2020-04-07,63.02743911743164,58.9144287109375,372.2799987792969,66.00838939615302,60.818529302753255,381.3299865722656,62.92297418292573,58.64988857565713,369.3399963378906,65.78973220321843,60.630706908970595,380.0,202887200,61620000,7046400
2020-04-08,64.6406021118164,60.132015228271484,371.1199951171875,64.95642874150907,60.52558895059071,378.3900146484375,63.464745123474984,58.98367788811864,368.30999755859375,63.83158830415397,59.937719869279775,374.010009765625,168895200,40334000,6908900
2020-04-09,65.10706329345703,60.110591888427734,370.7200012207031,65.61239487021291,60.87880693991357,372.1000061035156,64.3077766952038,59.40564692717376,363.0299987792969,65.2795602045284,60.688996669217964,371.05999755859375,161834800,54028000,7711300
2020-04-13,66.38494873046875,60.301902770996094,396.7200012207031,66.49427732074086,60.50666206471668,400.510009765625,64.58228739111088,58.90297462683948,367.70001220703125,65.1847957247921,59.858012475342434,371.30999755859375,131022800,38702000,11692900
2020-04-14,69.73760223388672,63.03300476074219,413.54998779296875,70.02914021517418,63.55710205404441,417.82000732421875,67.55108961658726,61.20512769663744,394.8500061035156,68.02483698264969,61.77456615054075,397.5,194994800,63358000,11581000
2020-04-15,69.1010971069336,62.63793182373047,426.75,69.56269281105895,63.52521443511321,434.9800109863281,68.17790569868288,61.477138918727164,412.25,68.60791725112617,62.100379324447886,413.0,131154400,42236000,13561200
2020-04-16,69.65015411376953,62.644405364990234,439.1700134277344,70.01700476078703,63.4380295511721,449.5199890136719,68.59576989662524,61.68638004984677,431.6099853515625,69.81778736213384,63.12815206658485,437.0,157125200,57896000,16128700
2020-04-17,68.70507049560547,63.71901321411133,422.9599914550781,69.71330151482101,64.26702585267132,432.0,67.26197182482458,63.071359495228606,414.70001220703125,69.16424162454373,63.85352392139879,431.0,215250000,51050000,12616300
2020-04-20,67.27898406982422,62.82973861694336,437.489990234375,68.43297671339393,63.610409325792794,444.489990234375,67.25955166646024,62.59508889587213,430.55999755859375,67.52679355095263,63.26516046997255,435.1700134277344,130015200,35292000,12655800
2020-04-21,65.19937133789062,60.38908386230469,433.8299865722656,67.35673149875346,62.27424820103494,447.0,64.48511000316932,60.03237526579768,425.6000061035156,67.12107374662952,61.91106664037472,444.7699890136719,180991600,49648000,23177600
2020-04-22,67.07733917236328,62.693233489990234,421.4200134277344,67.51463866177296,63.76285379905656,433.0,66.12985200256384,61.6365629106537,413.0,66.47239906793473,61.831356188881415,429.7300109863281,116862400,46296000,21084800
2020-04-23,66.81741333007812,63.32892990112305,426.70001220703125,68.45001014182691,64.17486620532053,438.4100036621094,66.77854109478402,62.79885375578141,419.260009765625,67.02148700478162,63.05841090344447,419.260009765625,124814400,34202000,13952300
2020-04-24,68.74637603759766,63.59944534301758,424.989990234375,68.7560959459344,63.654744905232555,427.1700134277344,67.29598925775215,61.97533190314895,415.8800048828125,67.3445813853182,62.523344521239075,425.0,126161200,37402000,8658900
2020-04-27,68.79498291015625,63.313480377197266,421.3800048828125,69.12781755437949,64.47128575857568,429.0,68.01269693902715,63.02452695217412,420.8399963378906,68.46214085181369,64.36666167637333,425.0,117087600,44186000,6277500
2020-04-28,67.67985534667969,61.40689468383789,403.8299865722656,69.44121285588518,64.00597037196816,421.0,67.58754214647125,61.29679347697088,402.9100036621094,69.25900345838117,63.92825679183895,419.989990234375,112004800,80700000,10101200
2020-04-29,69.9028091430664,66.8666000366211,411.8900146484375,70.37412466532922,67.76185314940159,415.8599853515625,68.9698980080844,66.0968912581043,393.6000061035156,69.17397162378809,67.00708958197549,399.5299987792969,137280800,108358000,9693100
2020-04-30,71.37749481201172,67.09178924560547,419.8500061035156,71.554847969106,67.25619418806347,424.44000244140625,70.0534442472492,65.83633815891375,408.0,70.44458354559235,66.3275613048283,410.30999755859375,183064000,55842000,7954000
2020-05-01,70.22835540771484,65.62808990478516,415.2699890136719,72.64080580783057,67.327435005306,427.9700012207031,69.44606951014269,65.24647767611364,411.7300109863281,69.54324636284784,65.9653682187632,415.1000061035156,240616800,48872000,8299900
2020-05-04,71.22201538085938,65.90608215332031,428.1499938964844,71.35077640125569,65.98430505914773,428.5400085449219,69.56026644411233,64.56644077311196,414.8699951171875,70.25266368795357,65.17025470993144,417.7799987792969,133568000,30806000,7799100
2020-05-05,72.29096221923828,67.20736694335938,424.67999267578125,73.12669648649918,68.30289816133721,431.0,71.53782864635428,66.51040006859995,421.55999755859375,71.68359763047998,66.6334510131675,427.55999755859375,147751200,39666000,6286300
2020-05-06,73.03681182861328,67.02851867675781,434.260009765625,73.67089693622526,68.18731999160298,439.7699890136719,72.60922476151869,67.01357346407988,426.3900146484375,72.99550777203844,67.65475045457835,429.29998779296875,142333600,31732000,6660700
2020-05-07,73.7923583984375,68.21671295166016,436.5299987792969,74.13977654354584,68.5515055013109,438.8800048828125,73.3623469812468,67.38273810448287,430.6600036621094,73.66602924556396,67.81965374652499,436.8900146484375,115215200,30652000,5641900
2020-05-08,75.54875183105469,68.96699523925781,435.54998779296875,75.60234489642646,69.57977176792713,442.0,74.12610833613621,68.35272114857746,433.6400146484375,74.4549745357271,68.84145089097197,434.1400146484375,133838400,33326000,5049300
2020-05-11,76.73755645751953,69.92601013183594,440.5199890136719,77.23450234556246,70.52085390400352,444.8900146484375,74.84475212124161,68.52658789517999,435.55999755859375,75.05425503945568,68.59085382808611,436.3299865722656,145946400,32718000,5486000
2020-05-12,75.86056518554688,68.5106430053711,431.82000732421875,77.87760182453242,70.46106910899933,444.1700134277344,75.73876343818256,68.47726333946302,431.3599853515625,77.42449545855905,70.15667635511844,442.0,162301200,33918000,4598200
2020-05-13,74.94462585449219,67.17298126220703,438.2699890136719,76.96653965007208,69.01630496173733,447.0,73.86302556726389,66.16065230960501,427.2699890136719,76.04084175904602,68.5594573991325,435.69000244140625,200622400,40368000,7014600
2020-05-14,75.40502166748047,67.59795379638672,441.95001220703125,75.46592253617749,67.6233591363203,452.3800048828125,73.45375545548762,65.92601332371991,432.82000732421875,74.17969648666386,66.43516917592565,444.8999938964844,158929200,36660000,9007500
2020-05-15,74.95922088623047,68.40502166748047,454.19000244140625,75.00550613978024,68.48074356345606,455.0,73.13219488038561,66.70817007305355,437.510009765625,73.16630293423822,67.16950274056389,440.70001220703125,166348400,41544000,7244000
2020-05-18,76.7253646850586,69.00884246826172,452.5799865722656,77.100516197736,69.38647134899308,456.3599853515625,75.59504818699047,67.46543379437955,443.3500061035156,76.28931972489806,67.83310426795741,451.1600036621094,135178400,47094000,7773500
2020-05-19,76.28199005126953,68.4717788696289,451.0400085449219,77.59257040448834,69.37300699697117,458.9700012207031,76.250320412407,68.43989676724456,450.4700012207031,76.7423967189678,69.02377862702917,453.3999938964844,101729600,31586000,4810500
2020-05-20,77.76553344726562,70.20350646972656,447.6700134277344,77.83617309644741,70.34648942602318,455.80999755859375,77.1053627330327,69.12043471161293,444.0,77.14434017785065,69.20711846144812,454.25,111504800,38262000,5607300
2020-05-21,77.18577575683594,70.08344268798828,436.25,78.1699360459229,70.56718559705264,448.9599914550781,76.94704163415062,69.46767107075028,430.25,77.62669752734837,70.29467493775918,448.55999755859375,102688800,30894000,9117300
2020-05-22,77.68273162841797,70.40676879882812,429.32000732421875,77.76555593478616,70.59408566129582,439.0899963378906,76.8203730686473,69.5453894587064,427.17999267578125,76.92268238596525,69.94145276179594,437.0,81803200,28544000,5422300
2020-05-26,77.15654754638672,70.81179809570312,414.7699890136719,78.98600497329699,71.99451473967798,428.5,77.10051605904029,70.71365837687964,413.1400146484375,78.80574074281053,71.83758241160733,427.7699890136719,125522000,44590000,7881100
2020-05-27,77.49271392822266,70.75749969482422,419.8900146484375,77.63887753036026,71.01008594637463,420.0199890136719,76.26982690652362,69.4781408664338,397.8599853515625,77.01282211981075,70.74355032318083,410.3800048828125,112945200,31684000,10446300
2020-05-28,77.52680206298828,70.65586853027344,413.44000244140625,78.79110463009378,71.96213022057283,422.3699951171875,76.88856217970095,69.70132864220743,411.5,77.16626626161167,69.74716011851211,417.239990234375,133560800,35170000,5655100
2020-05-29,77.45130920410156,71.41710662841797,419.7300109863281,78.23327447685958,71.57702647189404,420.29998779296875,77.09321170708697,70.54327547342558,411.8500061035156,77.7704292430654,70.76496784378698,417.4599914550781,153532400,37044000,5254900
2020-06-01,78.4037857055664,71.48436737060547,425.9200134277344,78.52558745206125,71.8186581836549,426.7200012207031,77.27346192968375,70.85713974161835,415.9800109863281,77.40500989747099,71.02752733192398,418.8299865722656,80791200,25162000,3743700
2020-06-02,78.7667465209961,71.85501861572266,427.30999755859375,78.79110835527389,71.88939412258804,427.5899963378906,77.6924543067813,70.82375340976124,419.4599914550781,78.13581441439783,71.49083741107874,425.8699951171875,87642800,23442000,3494800
2020-06-03,79.20037078857422,71.70257568359375,421.9700012207031,79.46346673855659,72.18881201214307,427.1000061035156,78.51340711651795,71.32245340395113,418.04998779296875,79.08831525723531,71.87445322824456,426.95001220703125,104491200,27732000,4316000
2020-06-04,78.5182876586914,70.45957946777344,414.3299865722656,79.32217629393165,71.80570529874512,428.7099914550781,78.14313615962425,70.04657922341435,410.0299987792969,79.02254872485325,71.5795202176529,422.3900146484375,87560400,26982000,5410500
2020-06-05,80.75456237792969,71.74092864990234,419.6000061035156,80.81546325453446,72.05379744790729,420.239990234375,78.73996405615183,70.12677742503232,404.25,78.76919528745188,70.52632996829688,407.2900085449219,137250400,42642000,5099600
2020-06-08,81.23201751708984,72.14048767089844,419.489990234375,81.26612557402613,72.1883108306279,420.79998779296875,79.73629595752215,70.96674115496965,406.5,80.45005239746396,71.05642003198895,416.0,95654400,33878000,5851500
2020-06-09,83.7971420288086,72.34175109863281,434.04998779296875,84.19177839839726,73.12491517312255,434.7300109863281,80.87877767710695,71.85750646676351,420.30999755859375,80.91044731267412,72.0009911440297,421.6499938964844,147712400,33624000,6797000
2020-06-10,85.95305633544922,72.97047424316406,434.4800109863281,86.423209296877,73.37251259643772,439.69000244140625,84.30873274320918,72.45534336088231,430.54998779296875,84.74965447468956,72.81155023889953,436.0,166651600,31762000,4896900
2020-06-11,81.826416015625,69.8418197631836,425.55999755859375,85.51944605133392,72.317844611134,445.57000732421875,81.72410670645458,69.6679505395017,424.1600036621094,85.0931399166828,71.79125013479211,428.20001220703125,201662400,47144000,7462900
2020-06-12,82.53287506103516,70.39083099365234,418.07000732421875,84.72530688604225,71.46643014655847,434.05999755859375,81.41717413668624,69.03972605596952,412.45001220703125,83.97501126586117,71.0354895960037,429.0,200146000,36676000,6461100
2020-06-15,83.5535659790039,70.78041076660156,425.5,84.2088600192706,70.99263883796326,426.489990234375,81.01765253374747,69.1094662895663,415.4200134277344,81.18087015739522,69.22355465173395,421.3999938964844,138808800,30468000,4467900
2020-06-16,85.76792907714844,72.06227111816406,436.1300048828125,86.04077128025801,72.59533476014369,437.9599914550781,83.975010633282,71.1914274344332,425.17999267578125,85.61689607536718,72.18830958177831,425.760009765625,165428800,30648000,5507900
2020-06-17,85.64855194091797,72.36466217041016,447.7699890136719,86.5766806624143,72.84591922394547,450.4599914550781,85.52675019338103,71.4973078503515,439.2200012207031,86.51577978864584,72.38459418523244,441.82000732421875,114406400,30610000,6529600
2020-06-18,85.68267059326172,71.4469985961914,449.8699951171875,86.10166895396527,72.38609154152647,452.760009765625,85.07122336608076,71.05441692317615,442.79998779296875,85.6047156809937,72.23065677847741,448.7300109863281,96820400,34862000,4277600
2020-06-19,85.19302368164062,70.97471618652344,453.7200012207031,86.85927087357204,71.96412575466351,453.9700012207031,84.0797538062018,70.69372946412412,445.6000061035156,86.39155627628752,71.73993996264775,449.1199951171875,264476000,52784000,5934500
2020-06-22,87.42198944091797,72.27101135253906,468.0400085449219,87.5657146180658,72.28546244565803,468.5899963378906,85.54137006793363,70.70320078128806,454.2099914550781,85.58765532903756,70.99315006784434,455.010009765625,135445200,29442000,6272100
2020-06-23,89.2879867553711,72.93460083007812,466.260009765625,90.71306865652282,73.4935791055213,474.010009765625,88.25023351062259,71.98903113596465,464.5,88.67167022398402,72.33776540656734,466.5,212155600,37752000,5948400
2020-06-24,87.71187591552734,71.37625885009766,457.8500061035156,89.83853715411549,73.52297212297677,472.3599853515625,87.33672444267022,71.24174433717035,454.0,88.91527780438203,72.89973548311546,468.5400085449219,192623200,31592000,4826200
2020-06-25,88.87631225585938,71.79473876953125,465.9100036621094,88.91528971331594,71.85551545856381,467.010009765625,87.10531724390523,70.720629569588,454.0,87.86779749310898,71.30251980582155,458.8599853515625,137522400,23958000,4134500
2020-06-26,86.14551544189453,67.88092041015625,443.3999938964844,88.99324123418319,71.59146814297863,468.0299987792969,85.99691342637193,67.50528324968963,442.239990234375,88.77156113508525,71.37276330008744,466.3900146484375,205256800,97640000,6804700
2020-06-29,88.130859375,69.60617065429688,447.239990234375,88.22586829271688,69.64752464958299,447.6700134277344,85.57302304750854,67.33839053044488,432.1400146484375,86.0529221606054,67.7713227704338,445.2300109863281,130646000,45074000,4844000
2020-06-30,88.86654663085938,70.64640045166016,455.0400085449219,89.15400438756762,70.94282650629934,457.5899963378906,87.69725289921185,69.09602088066073,447.0,87.71673790659106,69.59172910748964,450.0199890136719,140223200,40286000,4198500
2020-07-01,88.6984634399414,71.83956909179688,485.6400146484375,89.49017478480187,72.16240389341202,488.2300109863281,88.64974720230927,70.4535946200705,454.0,88.9445053445153,70.7021974861631,454.0,110737200,42182000,9705900
2020-07-02,88.6984634399414,73.23103332519531,476.8900146484375,90.2477855067387,74.15718040763036,492.2799987792969,88.58397693612106,72.2914385919885,475.5299987792969,89.60954555050597,72.3298050665194,485.6400146484375,114041600,57218000,6351500
2020-07-06,91.0711669921875,74.71166229248047,493.80999755859375,91.54131994765142,75.22729491318063,499.5,90.10162241749444,73.58225733217644,479.79998779296875,90.13329206093196,74.13874222626067,480.7699890136719,118655600,44712000,7839000
2020-07-07,90.78858184814453,74.22692108154297,493.1600036621094,92.23314870498879,75.79124990468137,504.82000732421875,90.67652632855658,74.21595923259059,490.8299865722656,91.4511836132447,74.53630064372297,497.30999755859375,112424400,42364000,5669900
2020-07-08,92.90306854248047,74.90845489501953,502.7799987792969,92.93473818795185,75.2855896621943,505.1000061035156,91.68261258995769,74.34549320672672,493.80999755859375,91.77031371850838,74.76896117431934,498.5799865722656,117092000,31766000,5691700
2020-07-09,93.30256652832031,75.65872955322266,507.760009765625,93.85310530998962,76.18083893904442,510.0,92.2501977638136,74.50940017796016,495.7799987792969,93.79951224973638,75.22380563879062,508.3999938964844,125642800,41836000,5840500
2020-07-10,93.46576690673828,76.67255401611328,548.72998046875,93.52423678810577,76.78863406760478,555.8800048828125,92.28185774621255,74.76497183660314,511.2799987792969,92.89573574416806,75.38920428639194,519.72998046875,90257200,35918000,21605600
2020-07-13,93.03460693359375,75.3384017944336,525.5,97.39754619914325,78.53331741345096,575.3699951171875,92.82023467943165,75.05592510143445,520.9600219726562,94.77637034737839,77.21708959553256,567.97998046875,191649200,42954000,18399000
2020-07-14,94.57418823242188,75.7683334350586,524.8800048828125,94.76662964226465,75.86498319457694,525.5,91.47555145597293,74.02814364430351,490.489990234375,92.41341897123698,74.36990704594152,517.0800170898438,170989200,38108000,15083300
2020-07-15,95.22459411621094,75.57005310058594,523.260009765625,96.70813834363402,76.53903647589908,529.0,94.02119239003805,74.62099414042883,510.17999267578125,96.45722706906206,75.88640355335926,516.2999877929688,153198000,31026000,10066700
2020-07-16,94.0528564453125,75.472412109375,527.3900146484375,94.91277633857692,75.52173283177987,535.5399780273438,93.4511556179561,74.14472076367511,504.3599853515625,94.09183388996489,74.80383049169487,526.47998046875,110577600,26484000,24499000
2020-07-17,93.86286926269531,75.56855773925781,492.989990234375,94.66188849020998,75.89637177199131,503.5899963378906,93.38783943733658,74.63444396372523,484.1400146484375,94.50598610723088,75.57154526134265,494.8699951171875,92186800,34264000,24991400
2020-07-20,95.84092712402344,77.90957641601562,502.4100036621094,95.97978290888382,78.16714187775806,504.5,93.60464868715383,74.86361891146494,484.20001220703125,93.9505689422849,75.47639543898973,489.1400146484375,90318000,30166000,11940300
2020-07-21,94.5181655883789,77.51500701904297,490.1000061035156,96.710597264398,79.065888395957,506.2200012207031,94.26725426060207,77.35060206870368,488.6099853515625,96.63508076807028,78.96525526456607,506.0,103433200,27486000,9113700
2020-07-22,94.78368377685547,77.95988464355469,489.82000732421875,95.46820900884369,78.06599868334108,497.20001220703125,94.13082818895455,76.88278799026335,487.20001220703125,94.2185218794836,77.50453461968445,492.19000244140625,89001600,24482000,6954100
2020-07-23,90.46945190429688,75.5635757446289,477.5799865722656,94.59365659486711,78.23389586305572,491.8999938964844,89.6558172603244,75.15704470098699,472.0199890136719,94.51570170540943,78.01369344820895,491.1300048828125,197004400,33910000,7722000
2020-07-24,90.245361328125,75.13812255859375,480.45001220703125,90.59128161056451,75.4978187147444,487.1700134277344,86.86414315402308,74.11084821614986,467.5400085449219,88.65950740859365,74.68875512451017,468.7699890136719,185438800,29902000,7746200
2020-07-27,92.3841781616211,76.19528198242188,495.6499938964844,92.4767486702701,76.60031547041915,496.9200134277344,91.08821334309908,75.34337449446365,482.30999755859375,91.31232437375542,75.38970769221412,484.510009765625,121214000,27124000,7863100
2020-07-28,90.86653900146484,74.91094207763672,488.510009765625,92.13084169284855,76.02490006928045,497.7900085449219,90.86166217384765,74.75500559506845,487.760009765625,91.95300847115467,75.97458351011703,496.0199890136719,103625600,30910000,5986700
2020-07-29,92.60830688476562,75.90035247802734,484.4800109863281,92.79344792257184,76.38957630642854,494.9200134277344,91.31477290242519,74.87905326549283,484.1300048828125,91.35131194036357,74.97819642494973,492.25,90329200,22676000,6611800
2020-07-30,93.72888946533203,76.64067077636719,485.79998779296875,93.83363719107348,76.76621511310496,488.3500061035156,91.3683708441203,74.48846911485644,477.510009765625,91.77762295924211,74.62796282234285,480.7099914550781,158130000,36042000,6608600
2020-07-31,103.54122161865234,74.12876892089844,488.8800048828125,103.6922545815279,74.97918637040054,494.79998779296875,98.24527709244623,72.43739830833947,484.5,100.25257475306186,74.58212724621717,488.2900085449219,374336800,91468000,5916300
2020-08-03,106.15022277832031,73.87020874023438,498.6199951171875,108.78113754648273,74.61600212490353,503.0899963378906,105.13196195503649,73.3202006575534,490.2300109863281,105.43158949553171,74.28072312105229,490.8599853515625,308151200,45482000,5873100
2020-08-04,106.8591079711914,73.39891815185547,509.6400146484375,107.95532367778854,74.3858418003166,510.44000244140625,105.61429026969972,72.93709137089841,498.6499938964844,106.34023134726526,74.06699796515592,498.6499938964844,173071600,37212000,5608000
2020-08-05,107.2464370727539,73.6873779296875,502.1099853515625,107.5679954655589,74.23090931074083,510.1000061035156,106.11124391089764,73.29529795709186,501.20001220703125,106.57896588535843,73.57429299507842,508.67999267578125,121776800,29134000,4308200
2020-08-06,110.98818969726562,74.97570037841797,509.0799865722656,111.48514293061744,75.0414638688501,510.82000732421875,106.98822429560298,73.32917292799154,498.70001220703125,107.58017903042834,73.54090688926841,504.1099853515625,202428800,33306000,3725900
2020-08-07,108.46479797363281,74.64789581298828,494.7300109863281,110.96623604021983,75.72997170168529,508.2900085449219,107.6643380902287,74.04507773918269,486.67999267578125,110.50743450078211,75.17946947024757,505.45001220703125,198045600,27718000,5910300
2020-08-10,110.04129791259766,74.5706787109375,483.3800048828125,111.06383745078631,75.08530788975622,497.4599914550781,107.37879108538309,73.60766276318256,478.6300048828125,109.91683374879184,74.27076342552382,493.3500061035156,212403600,20546000,4691200
2020-08-11,106.76868438720703,73.7596206665039,466.92999267578125,109.80213344991739,75.24922357958758,480.9200134277344,106.50755690311215,73.64254476328017,466.54998779296875,109.3018488792543,74.43018637647529,479.75,187902400,31098000,7329200
2020-08-12,110.31707763671875,75.08979034423828,475.4700012207031,110.57576233443505,75.31049447767546,482.489990234375,107.66921252952778,73.98180739873705,470.17999267578125,107.86444373428206,74.08742732192708,471.3399963378906,165598000,22512000,5439200
2020-08-13,112.2694091796875,75.55859375,481.3299865722656,113.27730675270328,76.57093045908631,484.45001220703125,111.21270008616257,75.13812091037408,476.45001220703125,111.70322831118777,75.13812091037408,478.3999938964844,210082000,22388000,3008900
2020-08-14,112.16935729980469,74.95977020263672,482.67999267578125,112.25965191516508,75.71503560697212,488.3299865722656,110.35123604518499,74.67928518835669,480.2099914550781,112.09370465193015,75.40714596693718,482.82000732421875,165565200,21942000,2943500
2020-08-17,111.87649536132812,75.53816986083984,482.3500061035156,113.32123145052057,75.9138146755014,486.239990234375,111.2468684599563,74.9782032851523,479.1000061035156,113.29682569052488,75.52472220977971,484.19000244140625,119561600,19990000,2423500
2020-08-18,112.80874633789062,77.5080337524414,491.8699951171875,113.23582109417252,77.58724490192614,495.29998779296875,111.2908003348021,75.80869613350978,482.79998779296875,111.62758047708495,76.03038852817615,484.3500061035156,105633600,28378000,3505500
2020-08-19,112.95028686523438,76.95154571533203,484.5299987792969,114.3706172584675,78.15966773297319,494.5,112.85511407883027,76.72187900212155,483.5,113.21873534210548,77.34411980521735,493.92999267578125,145538000,30472000,3156200
2020-08-20,115.45660400390625,78.52783203125,497.8999938964844,115.57130437194682,78.72312323476095,498.94000244140625,112.97468644336531,76.4458788058098,483.8900146484375,112.99177121995677,76.72038115531467,484.69000244140625,126907200,26382000,5132500
2020-08-21,121.40637969970703,78.49395751953125,492.30999755859375,121.8920223479699,79.30651031281674,498.1300048828125,116.40838192059897,77.83335025134366,490.0,116.42058107803142,78.30613132210684,496.4599914550781,338054800,34838000,3921300
2020-08-24,122.85842895507812,78.97122192382812,488.80999755859375,125.71617466653899,80.14845763456078,501.0,120.98418258863119,78.4675469972095,483.1600036621094,125.63075077449842,79.33589725744946,495.44000244140625,345937600,25638000,4762200
2020-08-25,121.85054016113281,80.00248718261719,490.5799865722656,122.19708413757137,80.15343686372387,492.4700012207031,120.12027798481839,78.60903241627476,485.0899963378906,121.72608342497273,78.71963154557028,488.19000244140625,211495600,25150000,5727700
2020-08-26,123.50758361816406,81.9095687866211,547.530029296875,123.96638513952726,82.34101106223622,549.0399780273438,122.1018951182586,79.75986802379185,492.0799865722656,123.17324627161129,80.02490608104357,492.5,163022400,52188000,20373700
2020-08-27,122.0311279296875,81.13188934326172,526.27001953125,124.44714945004647,82.10186853182472,541.0,120.88168131726665,80.64813884839977,521.25,124.11281210393082,82.03311751863201,537.780029296875,155552400,31350000,9062900
2020-08-28,121.83344268798828,81.6754150390625,523.8900146484375,123.429476621527,81.77106895544175,539.0,121.60892012172948,80.98691665183625,522.0,123.00972286968064,81.1792203252564,532.0,187630000,22418000,4417500
2020-08-31,125.96507263183594,81.18221282958984,529.5599975585938,127.87837394086273,81.92800630889975,531.989990234375,122.99751997365422,80.97297225024275,517.5800170898438,124.53987161471422,81.88167310885905,521.1599731445312,225702700,26422000,4941400
2020-09-01,130.9826202392578,82.45509338378906,556.5499877929688,131.5878564000405,82.66134643712245,557.3900146484375,127.41960197636358,81.18221131603306,532.4500122070312,129.59645917907037,81.31323658609256,532.5999755859375,151948100,22652000,9572700
2020-09-02,128.2688751220703,85.55933380126953,552.8400268554688,134.69208267438916,85.99326184572126,556.5,123.97372828902981,82.70966367213177,537.3699951171875,134.31137654552958,83.09925020291392,553.780029296875,200119000,49522000,5886900
2020-09-03,117.99952697753906,81.18121337890625,525.75,125.76984587273459,84.69298091600302,554.0,117.62858474412651,80.0951464942045,521.3200073242188,123.88584332486174,84.66906553604466,545.0,257599600,63726000,9071100
2020-09-04,118.07762145996094,78.77494049072266,516.0499877929688,120.75232742067561,81.45422340222592,527.3599853515625,108.24758160325585,76.62074691855972,485.9800109863281,117.20883002621501,80.15941758540397,520.1799926757812,332607200,55850000,8270100
2020-09-08,110.13158416748047,75.90483856201172,507.0199890136719,116.15455593218944,77.49656444782057,522.0,109.99492085772893,75.55111747525575,495.0,111.23465443835845,75.97458541832226,498.3999938964844,231366600,54032000,5572700
2020-09-09,114.52437591552734,77.08207702636719,500.19000244140625,116.30100675219951,77.65449538796737,520.0,112.51346613544602,75.98305657760726,492.57000732421875,114.46580804157338,77.16527153565474,519.2100219726562,176940500,39242000,6848100
2020-09-10,110.78563690185547,76.02689361572266,480.6700134277344,117.62859721522052,78.39879605198924,506.2900085449219,109.81922976524737,75.72548837275342,478.8399963378906,117.49193388065345,77.22904054800122,503.3500061035156,182274400,33024000,6240200
2020-09-11,109.33113861083984,75.51425170898438,482.0299987792969,112.48417383164686,76.65710424434029,493.7300109863281,107.37879684993199,74.38135757977268,476.80999755859375,111.83989747570273,76.13151325135439,486.489990234375,180860300,30706000,5035200
2020-09-14,112.611083984375,75.16899871826172,476.260009765625,113.16750114080105,77.56879974493008,488.989990234375,110.11208867798345,74.98367354101607,471.29998779296875,111.98633515777712,76.30587620432017,480.6199951171875,140150100,42660000,7359100
2020-09-15,112.7867660522461,76.47875213623047,495.989990234375,115.99836861959028,77.26938879198397,497.4700012207031,110.90275626190714,75.83011019321296,481.6300048828125,115.51028325885575,76.1185618969855,484.0,184642000,23042000,5337000
2020-09-16,109.4580307006836,75.3314208984375,483.8599853515625,113.23581443227282,77.43778367605645,504.6600036621094,109.37017890226147,75.30650967657043,483.30999755859375,112.4841661823785,76.84543328535601,499.989990234375,154679000,22128000,4394900
2020-09-17,107.710693359375,74.08343505859375,470.20001220703125,109.52637182628673,74.66233774102265,478.3999938964844,106.11953747604608,72.85887796426488,463.2699890136719,107.1054721687997,74.02215665166219,475.1600036621094,178011000,40008000,5379300
2020-09-18,104.29408264160156,72.29242706298828,469.9599914550781,108.2378134895848,74.48996606174869,479.3999938964844,103.56195455603122,71.32244788364751,458.6000061035156,107.76925568547131,74.14621099905342,472.510009765625,287104900,63056000,6717700
2020-09-21,107.4568862915039,71.24872589111328,487.3500061035156,107.56426567814931,71.74292896409321,487.7799987792969,100.64321065047814,69.88068396867533,466.32000732421875,102.04889902285993,71.32245611530352,467.69000244140625,195713800,56908000,5457500
2020-09-22,109.1456527709961,72.72735595703125,491.1700134277344,110.1706350713095,72.93411073010083,491.82000732421875,106.55880615632401,71.2168328603775,479.260009765625,109.99492403261556,72.25407316357077,489.010009765625,183055400,33950000,3482300
2020-09-23,104.56742095947266,70.21495819091797,470.6099853515625,109.43851126780733,72.39156930532971,491.0400085449219,104.2257552142683,69.8806750211675,469.0,108.96018965115047,72.34224858842106,491.0400085449219,150718700,37726000,3726400
2020-09-24,105.64124298095703,70.88603210449219,473.0799865722656,107.62286922264775,71.63979990027593,477.0,102.49797068823595,69.85427271441243,467.82000732421875,102.6639179962132,69.88068149776949,470.5299987792969,167743300,34552000,3727200
2020-09-25,109.6044692993164,71.69309997558594,482.8800048828125,109.76066022078156,72.03585156774594,484.8699951171875,105.10432077900599,70.12976715020248,468.0299987792969,105.8462127607794,70.99512977984065,474.3900146484375,149981400,30326000,3769400
2020-09-28,112.22061920166016,72.66956329345703,490.6499938964844,112.57204136352833,73.38347461301063,492.0,110.09256608705573,72.05280345095021,477.8800048828125,112.26943073153944,73.33365977505386,489.1099853515625,137672400,30784000,4773500
2020-09-29,111.37134552001953,73.03624725341797,493.4800109863281,112.56227532847853,73.33416328416592,496.2900085449219,110.86373987830592,72.43741246591681,486.5299987792969,111.820390732712,72.93112903772052,489.5,99382200,31816000,3541500
2020-09-30,113.05033874511719,73.01531219482422,500.0299987792969,114.46579088344285,74.04159062936886,504.6300048828125,110.91252974272332,72.52509251682595,489.2699890136719,111.07847699244668,72.78315208556084,492.57000732421875,142675200,40924000,4634100
2020-10-01,114.00699615478516,74.12628936767578,527.510009765625,114.91483535664295,74.48349973165284,529.5499877929688,113.06987301860818,73.5732936680054,503.6000061035156,114.83673990006338,73.915057097324,506.0299987792969,116120400,32884000,8153700
2020-10-02,110.32681274414062,72.51712036132812,503.05999755859375,112.6208199201359,73.68439010609272,526.3699951171875,109.54588062787111,72.10611181504586,502.70001220703125,110.19991323023964,72.71789249064658,516.4299926757812,144712000,31222000,6071200
2020-10-05,113.7238998413086,73.87371063232422,520.6500244140625,113.87032695294033,73.96687115597771,520.989990234375,110.84419891878447,72.74081632962691,501.70001220703125,111.1956210076637,72.86835236433393,506.79998779296875,106243800,21602000,4088100
2020-10-06,110.4635009765625,72.28895568847656,505.8699951171875,113.35296590389312,73.95790119838244,521.8200073242188,109.5751818959247,71.98954209764706,504.1600036621094,112.942968471818,73.50853375240524,518.719970703125,161498200,26096000,4199000
2020-10-07,112.33773040771484,72.6934814453125,534.6599731445312,112.7965318465622,73.18320700814674,536.489990234375,111.41036373730653,71.40265906364932,515.8200073242188,111.8886927615811,72.70194989206978,518.0,96849000,36108000,7988700
2020-10-08,112.23036193847656,73.90359497070312,531.7899780273438,113.62628652852615,74.13275995762241,535.0,111.8594122552234,73.0078400755712,524.1500244140625,113.4798594139574,73.0078400755712,533.47998046875,83477200,26076000,5386500
2020-10-09,114.1827163696289,75.24971008300781,539.4400024414062,114.21200030629765,75.31945693732641,544.280029296875,112.18156295787443,74.08144457179348,535.0,112.53298509308588,74.37338551928684,537.8300170898438,100506900,32966000,4781300
2020-10-12,121.43566131591797,77.94692993164062,539.8099975585938,122.1970734254654,79.13412396919452,551.8099975585938,116.43766363228319,76.18879995044458,538.239990234375,117.19907574183063,76.62223387226929,548.8099975585938,240226800,55344000,5391100
2020-10-13,118.21427917480469,78.07048797607422,554.0900268554688,122.4020526865995,78.97172378559651,557.6500244140625,116.79883453234461,77.65001515673892,537.2000122070312,122.28490951265286,78.56569445694564,540.5599975585938,262330500,39072000,5602500
2020-10-14,118.30216217041016,77.88964080810547,541.4500122070312,120.09831317934623,78.90645495748937,572.489990234375,116.76957404628342,77.01580961564979,541.0,118.11668730298548,78.44563158309474,562.6099853515625,150712000,33174000,9499000
2020-10-15,117.83358764648438,77.49258422851562,541.9400024414062,118.31190929891578,78.28620846255698,551.219970703125,115.33459254265503,76.7781787431495,535.0999755859375,115.89100965397931,76.9460653245229,545.52001953125,112559200,31210000,5113100
2020-10-16,116.18385314941406,78.10188293457031,530.7899780273438,118.65357169541609,78.60057110140168,554.3300170898438,115.97885816134452,77.60169720567637,530.030029296875,118.3900013910462,77.8094402312883,549.5,115393800,34194000,6347400
2020-10-19,113.21630096435547,76.22119140625,530.719970703125,117.55049456986758,78.91044782578675,541.7999877929688,112.90392658334925,75.87096715362827,525.3800048828125,117.10145686264569,78.51189109073204,537.0700073242188,120639300,29734000,7567500
2020-10-20,114.70983123779297,77.27388000488281,525.4199829101562,116.14480348594866,78.40777009705141,533.780029296875,112.87462539222047,75.75040333901116,522.260009765625,113.43104244277143,75.88043277067209,528.1400146484375,124423700,41670000,10047200
2020-10-21,114.0850830078125,79.01307678222656,489.04998779296875,115.88123368813292,80.46531667906677,506.8500061035156,113.67508561548537,78.0739837449452,488.25,113.88984438108717,78.20899238494292,501.0299987792969,89946000,60322000,17405700
2020-10-22,112.99177551269531,80.04283905029297,485.2300109863281,115.22720764549128,80.37961564707625,495.1400146484375,111.85941375560705,78.5891092929625,482.0,114.6512629731536,78.96375064141789,494.69000244140625,101988000,30512000,6997900
2020-10-23,112.2986831665039,81.35408782958984,488.2799987792969,113.7727030737343,81.41088115636,490.05999755859375,111.55679131651095,80.30438812044022,481.3500061035156,113.61651218001295,80.46082633106839,488.1099853515625,82572600,30548000,4927900
2020-10-26,112.30845642089844,78.92837524414062,488.239990234375,113.77271265873236,81.1846916659165,496.82000732421875,110.19016006999519,78.10585648871245,478.8999938964844,111.29323786895584,80.45832854576939,487.0299987792969,111850700,35826000,6186100
2020-10-27,113.8215103149414,79.65524291992188,488.92999267578125,114.48530673657606,79.8106776850853,490.489990234375,111.81060091157401,78.56469855934021,482.92999267578125,112.73796016422024,79.15954231999152,490.010009765625,92276800,25902000,3627200
2020-10-28,108.55020141601562,75.26715087890625,486.239990234375,112.67940761194099,77.40988073140537,494.0,108.45258581525088,75.15157254606702,483.2799987792969,112.30846534999783,77.22057217953115,486.3599853515625,143937800,45174000,5992700
2020-10-29,112.57202911376953,77.56282806396484,504.2099914550781,114.14366487566086,79.15006883310937,513.9000244140625,109.52637319152939,75.55360932054283,479.3399963378906,109.69232790650396,75.57702297863642,488.5,146129200,55406000,11120700
2020-10-30,106.2659683227539,80.51362609863281,475.739990234375,109.32138066077655,83.76235480157268,505.8800048828125,105.15313405535431,79.78925464364642,472.2099914550781,108.41354139551972,83.07086129202403,502.010009765625,190272600,99878000,7807900
2020-11-02,106.1781005859375,80.92265319824219,484.1199951171875,108.04259049320906,82.61252643628038,486.29998779296875,104.76265582569741,80.4204682214181,475.0,106.51000254927477,80.8837926057364,478.8699951171875,122866900,44228000,4408200
2020-11-03,107.80831909179688,81.98578643798828,487.2200012207031,108.83329409212905,82.65037701500384,495.30999755859375,106.13906770760467,80.31434778840128,478.760009765625,107.04690696366637,81.24348228397723,484.92999267578125,107624400,31432000,3690200
2020-11-04,112.21083068847656,86.97720336914062,496.95001220703125,112.83557940582455,88.18183610365294,507.7300109863281,109.67278809330135,84.8424402415851,493.9800109863281,111.4201347222438,84.9709721050456,495.3599853515625,138235500,71342000,5137300
2020-11-05,116.1936264038086,87.80670166015625,513.760009765625,116.76957113416694,89.26741002616306,518.72998046875,114.085101035138,86.73707744938896,503.45001220703125,115.13935999567666,88.20276501925385,506.55999755859375,126387100,39758000,5372800
2020-11-06,116.06160736083984,87.668701171875,514.72998046875,116.56030801793857,88.10561678657324,515.2100219726562,113.55829359507692,86.52035998576054,502.510009765625,115.69979834059455,87.25071413274178,515.0,114457900,28622000,4236300
2020-11-09,113.74410247802734,87.75289154052734,470.5,119.28853898482558,90.51637235151792,495.8500061035156,113.48008488932169,87.56009373587862,467.260009765625,117.8315370062038,89.47465453904104,485.5400085449219,154515300,53440000,10419700
2020-11-10,113.40182495117188,86.57217407226562,480.239990234375,114.98594498883084,87.65126251758112,484.6000061035156,111.60256819846708,85.4960731491163,463.4100036621094,112.99112771625587,86.17611073287821,470.95001220703125,138023400,43022000,8306100
2020-11-11,116.84387969970703,87.04595184326172,490.760009765625,116.98077878862294,87.8266148903884,491.67999267578125,113.86142673639229,86.83820124035478,478.260009765625,114.5948179100593,87.10423512740996,483.0,112295000,31838000,5460500
2020-11-12,116.5700912475586,86.82624053955078,486.7699890136719,117.8608595224864,87.93024008262216,496.5199890136719,115.94426465731732,86.58461615942764,480.42999267578125,116.97101537029141,86.78538826902123,491.0,103162300,26474000,5063700
2020-11-13,116.6189956665039,88.29293060302734,482.8399963378906,117.01991235865556,88.5355508426952,488.94000244140625,115.25977774017278,86.48548735624237,477.79998779296875,116.79500987439638,87.08431448870246,486.7699890136719,81581900,29744000,3002700
2020-11-16,117.6359634399414,88.38111114501953,479.1000061035156,118.31067833952987,89.3929460898464,485.5799865722656,115.53357362715566,87.74840262917563,477.29998779296875,116.28651871988077,87.88839806390286,480.0,91183000,25468000,3953600
2020-11-17,116.74609375,87.76484680175781,480.6300048828125,117.99774680512712,88.53605320268133,487.510009765625,116.32561585237691,87.6567410725559,478.8500061035156,116.90255411211123,88.07372465767033,480.1199951171875,74271000,21314000,3698100
2020-11-18,115.41621398925781,86.71763610839844,481.7900085449219,117.16657517577093,87.93123897541416,488.6099853515625,115.3868795355888,86.61450958788471,477.7200012207031,115.98337162832838,87.51474953078005,481.95001220703125,76322100,20108000,3629200
2020-11-19,116.0127182006836,87.61090087890625,484.6700134277344,116.423415515833,87.85601451986335,487.79998779296875,114.22324173553615,86.18855911636818,480.4700012207031,114.98596745236839,86.34847896703232,482.0,74113000,20106000,2254700
2020-11-20,114.74153137207031,86.50540924072266,488.239990234375,116.13986467698975,88.0986326654224,494.760009765625,114.69264308587131,86.43665822607944,481.57000732421875,116.01274618034016,87.78178049366831,485.2200012207031,73604300,27694000,4253400
2020-11-23,111.32878875732422,86.06600189208984,476.6199951171875,115.01530623548138,86.98417459885138,491.1499938964844,111.23100475073055,85.20014502917995,475.8399963378906,114.58504765393947,86.69671872564506,490.4599914550781,127959300,22530000,5416600
2020-11-24,112.61956024169922,87.8764419555664,482.8800048828125,113.28450195004916,88.00497382203966,484.04998779296875,110.09669251350901,85.72573772498068,475.8900146484375,111.38746829481333,86.0630160459935,478.8399963378906,113874200,27984000,3550500
2020-11-25,113.46051025390625,87.88790130615234,485.0,114.1645670214996,88.1992725773442,486.8999938964844,112.61955438821877,87.10225138238091,478.9200134277344,112.99114404913823,88.07124242721204,485.1300048828125,76499200,19600000,3598600
2020-11-27,114.00811767578125,89.02825927734375,491.3599853515625,114.88818872041372,89.52595914203532,493.25,113.6463160788627,87.90831865377476,481.8500061035156,113.98856385720809,87.90831865377476,486.5799865722656,46691300,14790000,2805800
2020-11-30,116.41365814208984,87.40315246582031,490.70001220703125,118.2911382323328,88.69546472193882,492.54998779296875,114.22325724303036,87.07633429808473,481.2699890136719,114.37971764743862,88.4618146660326,490.0799865722656,169410200,32418000,3530900
2020-12-01,120.00238037109375,89.44376373291016,504.5799865722656,120.73577170407181,90.75700402494574,509.4700012207031,117.35239391651946,87.8331015354611,491.9800109863281,118.33024902715687,88.01394925762817,492.3399963378906,127728200,37350000,5052700
2020-12-02,120.35440063476562,90.91890716552734,503.3800048828125,120.63797949284637,91.30600791613693,506.79998779296875,118.21289570055283,88.93609717998572,493.5,119.3178692147776,89.44375546572586,501.6199951171875,89004200,29424000,3028400
2020-12-03,120.21749877929688,90.76298522949219,497.5199890136719,121.0388934166779,91.85850886844305,508.7699890136719,119.50366133071806,90.52185493709996,496.0400085449219,120.78464902206112,90.69821757214093,502.989990234375,78967600,24728000,2826100
2020-12-04,119.54277038574219,90.85862731933594,498.30999755859375,120.1392625157906,91.1445856115015,504.5,118.8289329732372,90.35195729963404,493.6400146484375,119.88501813402209,90.68226470726584,497.5,78260400,20544000,3666200
2020-12-07,121.00955963134766,90.52335357666016,515.780029296875,121.81140045533569,91.1341384390011,517.760009765625,119.54277709036162,89.8263790772547,497.7699890136719,119.60144600465969,90.44961574992479,500.010009765625,86712000,22288000,4289300
2020-12-08,121.62561798095703,90.23937225341797,512.6599731445312,122.21233702536856,90.47053652120316,521.489990234375,120.36418397218033,89.2404984455747,505.54998779296875,121.61584480120804,90.09938442115568,517.9000244140625,82225500,19936000,4229000
2020-12-09,119.08318328857422,88.57191467285156,493.6000061035156,123.16083693648963,91.08829757012232,514.5,118.32045756570565,87.78177973255339,491.2900085449219,121.77228459688571,90.19104514431577,510.5299987792969,115089200,31728000,4178800
2020-12-10,120.5108413696289,88.06326293945312,501.0899963378906,121.12689475984914,88.42893411573529,503.7699890136719,117.48927316966918,86.36342371825536,492.9100036621094,117.83152090843531,87.81167253448392,494.55999755859375,81312200,28688000,3018200
2020-12-11,119.6992416381836,88.41947174072266,503.2200012207031,120.04148941756002,88.5445219658633,503.3399963378906,117.88043062727799,87.32045890491517,494.8500061035156,119.71879545681566,87.68214672631133,495.0,86939800,18628000,3210900
2020-12-14,119.08318328857422,87.2965316772461,522.4199829101562,120.61841537344712,89.16675066292049,524.1599731445312,118.84850017240892,87.14059520793384,501.17999267578125,119.88502410754398,88.21620184043023,505.44000244140625,79184500,33050000,5770400
2020-12-15,125.048095703125,87.73594665527344,519.780029296875,125.06765698112699,87.88141540591312,524.7000122070312,121.3811394241266,86.7689549942617,513.5599975585938,121.58648808049752,87.6751623675375,518.5,157243700,21352000,3394900
2020-12-16,124.97965240478516,87.54215240478516,524.8300170898438,125.52724884917512,88.1360003477814,527.3800048828125,123.75733358395613,87.13712650323956,517.6900024414062,124.58851635047348,88.1360003477814,520.1099853515625,98208600,24676000,3682400
2020-12-17,125.84994506835938,86.7111587524414,532.9000244140625,126.71046230835884,88.01643216274311,535.489990234375,125.20455713835977,86.24485447323394,526.4400024414062,126.04551309902716,87.8779342956904,529.0,94359800,34880000,3193400
2020-12-18,123.8551025390625,85.99923706054688,534.4500122070312,126.24107083085357,87.10224076733915,536.3699951171875,123.32706000921821,85.4402664025447,526.02001953125,126.1041717446466,86.99313920631526,533.2000122070312,192541500,85256000,4502700
2020-12-21,125.39033508300781,86.41473388671875,528.9099731445312,125.46856526890375,86.53629486272519,532.6199951171875,120.71618965212184,84.39405917743379,521.1500244140625,122.25142161323427,85.14782693035072,530.0499877929688,121251600,33974000,3894000
2020-12-22,128.95950317382812,85.70032501220703,527.3300170898438,131.43347476564324,86.31758655277737,530.4000244140625,126.77887610208518,84.98093279518055,520.5,128.6954781848822,86.15417747044755,527.6900024414062,168904800,20370000,1906600
2020-12-23,128.05987548828125,86.09938049316406,514.47998046875,129.49730836550714,86.89051128625628,526.3200073242188,127.88385385949238,85.7491486524078,514.2000122070312,129.23329830364477,85.88516072253306,524.760009765625,88223700,22974000,2393200
2020-12-24,129.0475311279297,86.39480590820312,513.969970703125,130.50454051249665,86.80581441415256,519.3499755859375,128.1968020157988,85.90607622362667,512.2100219726562,128.41193131877873,86.13773459583713,515.1199951171875,54930100,9312000,1144000
2020-12-28,133.66299438476562,88.37761688232422,519.1199951171875,134.29859412859594,89.02726225465624,523.6599731445312,130.55340791091808,86.77642679040835,507.1300048828125,131.0227890260271,86.93036398590236,516.4299926757812,124486200,27650000,2891900
2020-12-29,131.88327026367188,87.57054901123047,530.8699951171875,135.71645923575505,89.10050235919063,536.5499877929688,131.3650084205637,87.43852790533303,515.47998046875,134.99285624320092,89.03872983045667,519.9000244140625,121047300,19726000,4022400
2020-12-30,130.7587890625,86.49893188476562,524.5900268554688,132.97852438349952,88.0687416405065,533.260009765625,130.44586825914976,86.0879233616201,523.6900024414062,132.57760019953898,87.93123961215915,530.1300048828125,96452100,21026000,1876300
2020-12-31,129.75157165527344,87.31548309326172,540.72998046875,131.75617722441675,87.557601623684,545.5,128.8030511896917,86.49096497190563,523.1500244140625,131.11078939653768,86.54975758459906,525.530029296875,99116600,21070000,5392300
